"sample_id","spot_name","ManualAnnotation"
"Br6522_ant","AAACGCTGGGCACGAC-1","Fold_1"
"Br6522_ant","AAACGGGCGTACGGGT-1","Wrinkle_8"
"Br6522_ant","AAACTAACGTGGCGAC-1","Shear_3"
"Br6522_ant","AAAGGCTCTCGCGCCG-1","Wrinkle_5"
"Br6522_ant","AAATAGGGTGCTATTG-1","Wrinkle_5"
"Br6522_ant","AACATAGCGTGTATCG-1","Shear_1"
"Br6522_ant","AACCATGGGATCGCTA-1","Wrinkle_1"
"Br6522_ant","AACCCGAGCAGAATCG-1","Wrinkle_7"
"Br6522_ant","AACCTTTAAATACGGT-1","Wrinkle_5"
"Br6522_ant","AACGAAAGTCGTCCCA-1","Wrinkle_6"
"Br6522_ant","AACGACCTCCTAGCCG-1","Fold_1"
"Br6522_ant","AACGTCGCTGCACTTC-1","Fold_1"
"Br6522_ant","AACTAGGCTTGGGTGT-1","Wrinkle_5"
"Br6522_ant","AACTTGCGTTCTCGCG-1","Wrinkle_1"
"Br6522_ant","AAGAAAGTTTGATGGG-1","Shear_2"
"Br6522_ant","AAGCGCAGGGCTTTGA-1","Wrinkle_8"
"Br6522_ant","AAGCGGCGTCATGGGT-1","Shear_3"
"Br6522_ant","AAGCGTCCCTCATCGA-1","Wrinkle_5"
"Br6522_ant","AAGCTATGGATTGACC-1","Shear_2"
"Br6522_ant","AAGGGTTTGATTTCAG-1","Wrinkle_6"
"Br6522_ant","AAGTAGAAGACCGGGT-1","Wrinkle_2"
"Br6522_ant","AAGTTTATGGGCCCAA-1","Wrinkle_8"
"Br6522_ant","AATACCTGATGTGAAC-1","Fold_1"
"Br6522_ant","AATAGGCACGACCCTT-1","Shear_2"
"Br6522_ant","AATAGTCCGTCCCGAC-1","Wrinkle_5"
"Br6522_ant","AATCCCGCTCAGAGCC-1","Shear_1"
"Br6522_ant","AATCGAGGTCTCAAGG-1","Shear_1"
"Br6522_ant","AATCGCCTCAGCGCCA-1","Wrinkle_4"
"Br6522_ant","AATCGGTATAGCCCTC-1","Fold_1"
"Br6522_ant","AATCGTGAGCCGAGCA-1","Wrinkle_8"
"Br6522_ant","AATGAGTTCGCATATG-1","Wrinkle_1"
"Br6522_ant","AATGTTAAGACCCTGA-1","Shear_1"
"Br6522_ant","AATTACGAGACCCATC-1","Wrinkle_6"
"Br6522_ant","AATTATACCCAGCAAG-1","Shear_1"
"Br6522_ant","AATTGCAGCAATCGAC-1","Wrinkle_8"
"Br6522_ant","ACAAGTAATTGTAAGG-1","Shear_2"
"Br6522_ant","ACAATGATTCTTCTAC-1","Shear_3"
"Br6522_ant","ACAATTGTGTCTCTTT-1","Wrinkle_5"
"Br6522_ant","ACACCCGAGAAATCCG-1","Wrinkle_2"
"Br6522_ant","ACAGGCTTGCCCGACT-1","Wrinkle_5"
"Br6522_ant","ACATAAGTCGTGGTGA-1","Wrinkle_6"
"Br6522_ant","ACATACAATCAAGCGG-1","Shear_1"
"Br6522_ant","ACATCCCGGCCATACG-1","Wrinkle_5"
"Br6522_ant","ACATCGCAATATTCGG-1","Shear_2"
"Br6522_ant","ACCAACCGCACTCCAC-1","Wrinkle_8"
"Br6522_ant","ACCACACGGTTGATGG-1","Shear_1"
"Br6522_ant","ACCAGTGCCCGGTCAA-1","Shear_3"
"Br6522_ant","ACCATCGTATATGGTA-1","Wrinkle_4"
"Br6522_ant","ACCCGGATGACGCATC-1","Wrinkle_4"
"Br6522_ant","ACCCGGTTACACTTCC-1","Wrinkle_4"
"Br6522_ant","ACCCTATGCCATATCG-1","Wrinkle_5"
"Br6522_ant","ACCGCTAGTCATTGGT-1","Shear_2"
"Br6522_ant","ACCTACTATAAATCTA-1","Wrinkle_8"
"Br6522_ant","ACGCCACTCGAAACAG-1","Shear_1"
"Br6522_ant","ACGGAACACGAGTGCC-1","Fold_1"
"Br6522_ant","ACGGGTCATGTGACTT-1","Wrinkle_1"
"Br6522_ant","ACGTTAATGTCGAAGA-1","Wrinkle_4"
"Br6522_ant","ACGTTCTGTACAAGTC-1","Wrinkle_8"
"Br6522_ant","ACGTTGTCGTTGAAAG-1","Shear_2"
"Br6522_ant","ACTGTGCTAGTAGATC-1","Wrinkle_1"
"Br6522_ant","ACTTAGTACGACAAGA-1","Wrinkle_1"
"Br6522_ant","ACTTGGGCTTTCGCCA-1","Shear_1"
"Br6522_ant","ACTTTGTCGACGCACT-1","Wrinkle_7"
"Br6522_ant","AGAACTGTACTTTGTA-1","Shear_1"
"Br6522_ant","AGAAGGTTGCCGAATT-1","Wrinkle_4"
"Br6522_ant","AGAATACAGGCTATCC-1","Fold_1"
"Br6522_ant","AGACAGGCATCTCAGC-1","Wrinkle_7"
"Br6522_ant","AGACGCCCACTTCGCC-1","Wrinkle_8"
"Br6522_ant","AGAGGCTTCGGAAACC-1","Wrinkle_5"
"Br6522_ant","AGATAATCACACCTAT-1","Shear_2"
"Br6522_ant","AGATCTGGAGAGGATA-1","Shear_2"
"Br6522_ant","AGCACTACCTCACCAG-1","Wrinkle_5"
"Br6522_ant","AGCAGCCAGATGAATA-1","Wrinkle_5"
"Br6522_ant","AGCAGTCGAAGCATGC-1","Shear_1"
"Br6522_ant","AGCCCGCAACAAGCAG-1","Wrinkle_8"
"Br6522_ant","AGCCCGCACTACAATG-1","Fold_1"
"Br6522_ant","AGCCCTTGGACATCCC-1","Wrinkle_7"
"Br6522_ant","AGCGCATAATGAATCG-1","Wrinkle_5"
"Br6522_ant","AGCGGGAAGGGTCCAT-1","Wrinkle_1"
"Br6522_ant","AGCTAAGCTCCGTCCG-1","Shear_2"
"Br6522_ant","AGGACGACCCATTAGA-1","Wrinkle_4"
"Br6522_ant","AGGAGGCCTTCGCGCG-1","Wrinkle_5"
"Br6522_ant","AGGCACGTGACTGTCC-1","Wrinkle_7"
"Br6522_ant","AGGCTTAAGTTGCACA-1","Shear_1"
"Br6522_ant","AGGGACCGGCTGCGTT-1","Wrinkle_4"
"Br6522_ant","AGGGACTCTACGCGAC-1","Wrinkle_5"
"Br6522_ant","AGGGTCGATGCGAACT-1","Wrinkle_4"
"Br6522_ant","AGGGTCTGGACGCAGT-1","Fold_1"
"Br6522_ant","AGGTTTCACACACCTT-1","Wrinkle_4"
"Br6522_ant","AGTAACTATAGCAGCC-1","Fold_1"
"Br6522_ant","AGTAATCTAAGGGTGG-1","Shear_1"
"Br6522_ant","AGTCGACGGTCTCAAG-1","Wrinkle_4"
"Br6522_ant","AGTCTTTAAAGTGTCC-1","Wrinkle_8"
"Br6522_ant","AGTGCACGCTTAAGAA-1","Wrinkle_5"
"Br6522_ant","AGTGGCCCGCAAATGG-1","Shear_1"
"Br6522_ant","AGTTACCCTTAAGACT-1","Wrinkle_3"
"Br6522_ant","ATAAGCAAACACCGAG-1","Shear_3"
"Br6522_ant","ATACAGCGTCCACTGA-1","Shear_2"
"Br6522_ant","ATACCCTCCCGGCCAA-1","Shear_2"
"Br6522_ant","ATACGTACTTAGCCAC-1","Wrinkle_5"
"Br6522_ant","ATAGCCATAACAGTCA-1","Fold_1"
"Br6522_ant","ATAGCTGCTCTTGTTA-1","Wrinkle_1"
"Br6522_ant","ATAGGCGGCTATAGAA-1","Wrinkle_4"
"Br6522_ant","ATAGTGAAGCGTTCTC-1","Wrinkle_4"
"Br6522_ant","ATATAAATGTAGCTGC-1","Wrinkle_5"
"Br6522_ant","ATATACGCTCGTGACG-1","Wrinkle_8"
"Br6522_ant","ATATCAACCTACAGAG-1","Wrinkle_4"
"Br6522_ant","ATATTCAGTTAAACCT-1","Wrinkle_4"
"Br6522_ant","ATCAGAAGCTGGTTGC-1","Shear_2"
"Br6522_ant","ATCAGACGGCACGCCG-1","Wrinkle_4"
"Br6522_ant","ATCGTTCACTTTCGCC-1","Shear_3"
"Br6522_ant","ATCTAATATCCTACGG-1","Wrinkle_5"
"Br6522_ant","ATCTAGCTTGTGAGGG-1","Wrinkle_8"
"Br6522_ant","ATCTGATAGTGTCTTA-1","Wrinkle_1"
"Br6522_ant","ATCTTATCGCACACCC-1","Wrinkle_8"
"Br6522_ant","ATGCTCAGTGTTGCAT-1","Wrinkle_3"
"Br6522_ant","ATGTAGCGCGCGTAGG-1","Wrinkle_8"
"Br6522_ant","ATGTCATAATAAACGA-1","Shear_1"
"Br6522_ant","ATGTCTTGTTTGACTC-1","Shear_2"
"Br6522_ant","ATGTTCCTGCCCACCT-1","Wrinkle_1"
"Br6522_ant","ATTACATGTCAGTCTT-1","Wrinkle_5"
"Br6522_ant","ATTAGATTGATAGCGG-1","Wrinkle_2"
"Br6522_ant","ATTATCGGAATGTACG-1","Wrinkle_8"
"Br6522_ant","ATTCACTGATGTTGGA-1","Wrinkle_5"
"Br6522_ant","ATTCGTGTACCCATTC-1","Fold_1"
"Br6522_ant","ATTGCGATCAGTAACT-1","Wrinkle_5"
"Br6522_ant","ATTGGGAGTTCTGTAA-1","Shear_3"
"Br6522_ant","ATTGGTTGTGCATTAC-1","Fold_1"
"Br6522_ant","ATTTATACTGGTAAAG-1","Shear_1"
"Br6522_ant","CAAACCATAAGCGTAT-1","Shear_1"
"Br6522_ant","CAACCAGTGGCCTACC-1","Wrinkle_8"
"Br6522_ant","CAACGACCCGTTTACA-1","Wrinkle_2"
"Br6522_ant","CAACGAGCTTATTATG-1","Shear_2"
"Br6522_ant","CAACGCGATGAGCCAA-1","Shear_2"
"Br6522_ant","CAAGACTCAGAAGCGC-1","Wrinkle_9"
"Br6522_ant","CAAGCGGCACATAATT-1","Wrinkle_5"
"Br6522_ant","CAAGGATCGCATGTTC-1","Wrinkle_4"
"Br6522_ant","CAAGTAAGTGATAGAC-1","Wrinkle_8"
"Br6522_ant","CAAGTCGTTGAAATCT-1","Shear_1"
"Br6522_ant","CAATCCTGCCGTGGAG-1","Wrinkle_1"
"Br6522_ant","CAATGCGAGAAGTATC-1","Wrinkle_5"
"Br6522_ant","CACAAACCGCAGAACT-1","Fold_1"
"Br6522_ant","CACAATGAGCTGCTAT-1","Wrinkle_4"
"Br6522_ant","CACCGATGATGGGTAC-1","Fold_1"
"Br6522_ant","CACCGTATCCCATCCG-1","Wrinkle_5"
"Br6522_ant","CACTCTCAAGCATCGA-1","Wrinkle_8"
"Br6522_ant","CACTGTCCAAGTGAGA-1","Wrinkle_2"
"Br6522_ant","CAGAACTTAGCCCTCT-1","Wrinkle_5"
"Br6522_ant","CAGAGCGATGGATGCT-1","Fold_1"
"Br6522_ant","CAGTAGATGATGTCCG-1","Wrinkle_1"
"Br6522_ant","CAGTGTCGGCTGGCCC-1","Wrinkle_5"
"Br6522_ant","CAGTTCGAGGACCCGA-1","Wrinkle_8"
"Br6522_ant","CATACAAAGCCGAACC-1","Wrinkle_1"
"Br6522_ant","CATAGTAGCATAGTAG-1","Wrinkle_2"
"Br6522_ant","CATAGTCAAATACATA-1","Wrinkle_8"
"Br6522_ant","CATAGTGGGCACGCCT-1","Fold_1"
"Br6522_ant","CATCAACACCTACTAA-1","Wrinkle_1"
"Br6522_ant","CATCATTACCCTGAGG-1","Wrinkle_5"
"Br6522_ant","CATCCGCAGGCCCGAA-1","Wrinkle_1"
"Br6522_ant","CATCGGACGGGTTAAT-1","Wrinkle_4"
"Br6522_ant","CATCGTCCGGTTACTA-1","Wrinkle_3"
"Br6522_ant","CATCTTACACCACCTC-1","Wrinkle_4"
"Br6522_ant","CATGAGTCCATCACGG-1","Shear_2"
"Br6522_ant","CATGATACGGTGAAAC-1","Shear_1"
"Br6522_ant","CATGGTATTAGTTTGT-1","Wrinkle_6"
"Br6522_ant","CATGTGGGCTCATCAC-1","Shear_1"
"Br6522_ant","CATTACGTCGGCCCGT-1","Wrinkle_2"
"Br6522_ant","CCAACGCTTGCCAGGG-1","Shear_3"
"Br6522_ant","CCAATTGAATGTTAAT-1","Wrinkle_2"
"Br6522_ant","CCAGAAACTGATGCGA-1","Fold_1"
"Br6522_ant","CCAGGCGAGATGGTCT-1","Shear_2"
"Br6522_ant","CCAGGCTGGCGTCTGA-1","Wrinkle_7"
"Br6522_ant","CCAGTTCGGTAACTCA-1","Shear_1"
"Br6522_ant","CCATAGTCAGTAACCC-1","Wrinkle_1"
"Br6522_ant","CCATCTCACCAGTGAA-1","Wrinkle_4"
"Br6522_ant","CCATTTCTACCTATTA-1","Wrinkle_5"
"Br6522_ant","CCCAACATACGTCGCG-1","Wrinkle_4"
"Br6522_ant","CCCAGATTCCCGTGAC-1","Shear_2"
"Br6522_ant","CCCGCCATGCTCCCGT-1","Wrinkle_2"
"Br6522_ant","CCCGTAGCTGGGAAGA-1","Wrinkle_5"
"Br6522_ant","CCCGTGACAGTGCCTT-1","Shear_1"
"Br6522_ant","CCCTACCCACACCCAG-1","Shear_1"
"Br6522_ant","CCCTAGCTCTAAGGTC-1","Shear_1"
"Br6522_ant","CCCTCATCACAGAGTA-1","Shear_2"
"Br6522_ant","CCCTCCTCGCTCGTAT-1","Wrinkle_5"
"Br6522_ant","CCCTGGGAGGGATCCT-1","Shear_1"
"Br6522_ant","CCCTTTAATGGAGTTC-1","Wrinkle_8"
"Br6522_ant","CCGAAACACGACCTCT-1","Shear_2"
"Br6522_ant","CCGAAGTATATTGTTC-1","Wrinkle_3"
"Br6522_ant","CCGACAAACACATGAG-1","Wrinkle_1"
"Br6522_ant","CCGACAATAGGCCGCC-1","Wrinkle_7"
"Br6522_ant","CCGATCTCAACCTTAT-1","Wrinkle_4"
"Br6522_ant","CCGCATGTGGTACGAT-1","Wrinkle_5"
"Br6522_ant","CCGGTATCTGGCGACT-1","Shear_1"
"Br6522_ant","CCGGTTTGTAATTGTG-1","Wrinkle_5"
"Br6522_ant","CCTACAAGTCCGGAAT-1","Shear_3"
"Br6522_ant","CCTACAGTTGAGGGAG-1","Shear_1"
"Br6522_ant","CCTATGGTCAAAGCTG-1","Wrinkle_8"
"Br6522_ant","CCTCACGTCAGCTAAT-1","Wrinkle_8"
"Br6522_ant","CCTCGCGCTGTGCGAT-1","Wrinkle_5"
"Br6522_ant","CCTGATTCGCGAAGAA-1","Shear_1"
"Br6522_ant","CCTGTCCCTCACGTTA-1","Wrinkle_4"
"Br6522_ant","CCTTCGTATAGAATCC-1","Wrinkle_8"
"Br6522_ant","CGACCGTTGGTATTCG-1","Shear_2"
"Br6522_ant","CGACTTGCCGGGAAAT-1","Shear_2"
"Br6522_ant","CGAGGCCAGGCATTGG-1","Wrinkle_1"
"Br6522_ant","CGATAGTCGTACTGCA-1","Wrinkle_8"
"Br6522_ant","CGATGTTGTTATCTAC-1","Wrinkle_6"
"Br6522_ant","CGATTAAATATCTCCT-1","Wrinkle_5"
"Br6522_ant","CGCAATCGATCATTAG-1","Wrinkle_3"
"Br6522_ant","CGCACATGTCCACTAC-1","Wrinkle_4"
"Br6522_ant","CGCAGGCGATCCAAAC-1","Wrinkle_5"
"Br6522_ant","CGCATGGTGCGATGCT-1","Wrinkle_4"
"Br6522_ant","CGCCCAGCGTTTCACG-1","Wrinkle_8"
"Br6522_ant","CGCCGCCCATGCCTGT-1","Wrinkle_4"
"Br6522_ant","CGCGAAGTGGCATACT-1","Wrinkle_8"
"Br6522_ant","CGCTATACCGCCCACT-1","Wrinkle_1"
"Br6522_ant","CGGAGCTTATAACACC-1","Shear_3"
"Br6522_ant","CGGATTCTGCCTTATG-1","Shear_2"
"Br6522_ant","CGGGCCTTCTTTGTAA-1","Wrinkle_4"
"Br6522_ant","CGGTATGGGCACTCTG-1","Shear_1"
"Br6522_ant","CGGTTTATGAAGGAAC-1","Shear_3"
"Br6522_ant","CGTCCTCATCGCGTGC-1","Fold_1"
"Br6522_ant","CGTGCAGACTGGGACA-1","Wrinkle_4"
"Br6522_ant","CGTTCAAGGAAACGGA-1","Wrinkle_8"
"Br6522_ant","CTAAAGGATGAGATAC-1","Shear_1"
"Br6522_ant","CTAGACATATATGTAG-1","Shear_3"
"Br6522_ant","CTAGACTGCATTTCGT-1","Shear_3"
"Br6522_ant","CTAGCCCGGGAGACGA-1","Shear_2"
"Br6522_ant","CTATCACAACGCTGGA-1","Shear_1"
"Br6522_ant","CTATCGACGAAATACA-1","Wrinkle_5"
"Br6522_ant","CTCATAAATGTGTATA-1","Fold_1"
"Br6522_ant","CTCATTAACGTTGCCC-1","Wrinkle_9"
"Br6522_ant","CTCCCTTGTATCAAGG-1","Shear_2"
"Br6522_ant","CTCCGCCCACATGAGG-1","Wrinkle_4"
"Br6522_ant","CTCCGGCCTAATATGC-1","Wrinkle_2"
"Br6522_ant","CTCCGGCTTGTAGACA-1","Wrinkle_1"
"Br6522_ant","CTCCTAGTAATCGTGA-1","Shear_2"
"Br6522_ant","CTCTAACACCGGCAGC-1","Shear_1"
"Br6522_ant","CTCTAGCCCTCGGAAA-1","Wrinkle_8"
"Br6522_ant","CTCTCGCTGTACTATG-1","Wrinkle_3"
"Br6522_ant","CTCTGTCCATGCACCA-1","Shear_1"
"Br6522_ant","CTGAGAAAGTTCGGCG-1","Wrinkle_5"
"Br6522_ant","CTGCACTCCAGTACAG-1","Wrinkle_5"
"Br6522_ant","CTGCCATGCATCACAT-1","Wrinkle_4"
"Br6522_ant","CTGCGGTAGTCACGTG-1","Shear_3"
"Br6522_ant","CTGCTGTCTAACGAGC-1","Wrinkle_5"
"Br6522_ant","CTGGCGATTTACATGT-1","Fold_1"
"Br6522_ant","CTGGGATAAATAATGG-1","Wrinkle_4"
"Br6522_ant","CTGGTCATTCCAATCC-1","Wrinkle_3"
"Br6522_ant","CTGTAGCCATCTCACT-1","Wrinkle_5"
"Br6522_ant","CTGTCACGCCAGGCGC-1","Shear_3"
"Br6522_ant","CTGTCCTGCGCACTAC-1","Shear_2"
"Br6522_ant","CTTAACTTACAGTATA-1","Fold_1"
"Br6522_ant","CTTACATAGATTTCTT-1","Shear_1"
"Br6522_ant","CTTACTGACTCCTCTG-1","Fold_1"
"Br6522_ant","CTTAGATGTTTCATCC-1","Shear_1"
"Br6522_ant","CTTATAGATGGCTGTT-1","Wrinkle_8"
"Br6522_ant","CTTATGTTGACTACCA-1","Wrinkle_1"
"Br6522_ant","CTTCAGTTGGACAACG-1","Shear_1"
"Br6522_ant","CTTCATAGCTCAAGAA-1","Wrinkle_2"
"Br6522_ant","CTTCATCACCAGGGCT-1","Shear_1"
"Br6522_ant","CTTCCGCTCCGTGAAG-1","Wrinkle_5"
"Br6522_ant","CTTCGGCCAATTGTTT-1","Wrinkle_5"
"Br6522_ant","CTTTCTGTGCGGGCTT-1","Wrinkle_5"
"Br6522_ant","GAAAGAACAGCGTTAT-1","Wrinkle_4"
"Br6522_ant","GAAAGCAGTGCACTTT-1","Wrinkle_5"
"Br6522_ant","GAACAACTGGGATGAA-1","Wrinkle_8"
"Br6522_ant","GAACGACCGAATGATA-1","Wrinkle_2"
"Br6522_ant","GAACTGTGGAGAGACA-1","Wrinkle_8"
"Br6522_ant","GACAACGCAGCTTACG-1","Wrinkle_2"
"Br6522_ant","GACAAGACGCCCGTGC-1","Fold_1"
"Br6522_ant","GACACCCAAAGACGCG-1","Shear_2"
"Br6522_ant","GACAGAGGTCTTCAGT-1","Shear_1"
"Br6522_ant","GACCAAACGTTGACTG-1","Wrinkle_7"
"Br6522_ant","GACCGCGTCTGACGTG-1","Wrinkle_5"
"Br6522_ant","GACTAGGCCGTTAGGT-1","Wrinkle_8"
"Br6522_ant","GACTGATTGGTCACAA-1","Shear_3"
"Br6522_ant","GACTTCAACGCATCAA-1","Shear_1"
"Br6522_ant","GACTTTCGAGCGGTTC-1","Shear_1"
"Br6522_ant","GAGCCAGCTACCTGTG-1","Wrinkle_5"
"Br6522_ant","GAGCGCAAATACTCCG-1","Wrinkle_5"
"Br6522_ant","GAGGCCTGTTGATACA-1","Wrinkle_8"
"Br6522_ant","GAGGTACGCGTGTCCC-1","Wrinkle_8"
"Br6522_ant","GAGGTCCGTTCGCTGT-1","Shear_2"
"Br6522_ant","GAGTAAATTAAGAACC-1","Fold_1"
"Br6522_ant","GAGTCAGACCAGAATC-1","Wrinkle_5"
"Br6522_ant","GAGTCCACCAGGTTTA-1","Shear_1"
"Br6522_ant","GAGTTCTGTGGGTGCT-1","Wrinkle_6"
"Br6522_ant","GATAGAACCCGCTAGG-1","Wrinkle_8"
"Br6522_ant","GATATGAGACACTAAC-1","Wrinkle_4"
"Br6522_ant","GATCCAACCTTTAAAC-1","Shear_2"
"Br6522_ant","GATCCGGGAATTAACA-1","Wrinkle_4"
"Br6522_ant","GATGAGGAACCTTCGG-1","Wrinkle_8"
"Br6522_ant","GATGCCAGCAGAAGGC-1","Wrinkle_3"
"Br6522_ant","GATGCCTTCTGCGGCA-1","Wrinkle_6"
"Br6522_ant","GATGCTACCTTCGATG-1","Wrinkle_8"
"Br6522_ant","GATTATCTTGCATTAT-1","Shear_1"
"Br6522_ant","GATTGGGAAAGGTTGT-1","Wrinkle_8"
"Br6522_ant","GCAACCACGGCCGCGT-1","Wrinkle_4"
"Br6522_ant","GCACAACCTCGGGCGT-1","Wrinkle_6"
"Br6522_ant","GCACAAGTGGATCATA-1","Wrinkle_1"
"Br6522_ant","GCACCTAGGCGAGTCC-1","Fold_1"
"Br6522_ant","GCAGATCCTCGCAAAT-1","Wrinkle_3"
"Br6522_ant","GCAGTTCGATCCGAGC-1","Wrinkle_7"
"Br6522_ant","GCCACCTTATTCGCGA-1","Shear_2"
"Br6522_ant","GCCCAGCGACACAAAG-1","Shear_2"
"Br6522_ant","GCCCGCGCGTTTGACA-1","Wrinkle_2"
"Br6522_ant","GCCCGTTCACACAATT-1","Shear_2"
"Br6522_ant","GCCCTAAGTGCAGGAT-1","Shear_1"
"Br6522_ant","GCCCTGAGGATGGGCT-1","Wrinkle_8"
"Br6522_ant","GCCGATTGGCCAAGCT-1","Wrinkle_4"
"Br6522_ant","GCCGGGTTAGGGTCGC-1","Wrinkle_4"
"Br6522_ant","GCCGGTCGTATCTCTC-1","Wrinkle_8"
"Br6522_ant","GCCTAGCGATCTGACC-1","Wrinkle_2"
"Br6522_ant","GCCTCAGGTACCGGTC-1","Shear_2"
"Br6522_ant","GCCTCTATACATAGCA-1","Wrinkle_5"
"Br6522_ant","GCCTGCTACACTGAGA-1","Shear_3"
"Br6522_ant","GCGAAGAATCTGACGG-1","Wrinkle_8"
"Br6522_ant","GCGAATGGACTAGCGA-1","Shear_1"
"Br6522_ant","GCGACATGTAAACATC-1","Wrinkle_4"
"Br6522_ant","GCGAGCGCATGCTCCC-1","Wrinkle_4"
"Br6522_ant","GCGATGTCTGTGCTTG-1","Wrinkle_1"
"Br6522_ant","GCGCCGTTCCACGATA-1","Wrinkle_4"
"Br6522_ant","GCGCGGTCTAGTAACT-1","Wrinkle_8"
"Br6522_ant","GCGCTATGCCGAGGCA-1","Wrinkle_4"
"Br6522_ant","GCGGGCAGACGGGTGA-1","Shear_1"
"Br6522_ant","GCGTCGTAACATGGTC-1","Shear_1"
"Br6522_ant","GCTAGCAACGCACCTA-1","Fold_1"
"Br6522_ant","GCTAGGCACCACGGAG-1","Wrinkle_5"
"Br6522_ant","GCTATACGTCTCGGAC-1","Wrinkle_5"
"Br6522_ant","GCTATCATACTCATGG-1","Wrinkle_5"
"Br6522_ant","GCTCCATGCAAAGCAA-1","Wrinkle_8"
"Br6522_ant","GCTGAGGCGTGAGTAT-1","Wrinkle_4"
"Br6522_ant","GCTGCTAAGTAGTCGA-1","Wrinkle_5"
"Br6522_ant","GCTTACGTAGTTAGTA-1","Wrinkle_4"
"Br6522_ant","GCTTCCATGTAACCGC-1","Fold_1"
"Br6522_ant","GCTTCCCGTAAGCTCC-1","Shear_1"
"Br6522_ant","GCTTTACACAACTGGG-1","Fold_1"
"Br6522_ant","GCTTTATTAAGTTACC-1","Shear_1"
"Br6522_ant","GGAAACAGAGCTTGGG-1","Shear_2"
"Br6522_ant","GGAACCCGAACAAGAA-1","Wrinkle_3"
"Br6522_ant","GGAAGGACACCGTATA-1","Shear_1"
"Br6522_ant","GGACTCGAAGCTTTCA-1","Wrinkle_8"
"Br6522_ant","GGAGCGAGGCCTACTT-1","Wrinkle_8"
"Br6522_ant","GGAGGGTCAAGTAAGA-1","Wrinkle_8"
"Br6522_ant","GGAGTGCCGCCCTGGA-1","Wrinkle_2"
"Br6522_ant","GGATCTACCGTTCGTC-1","Shear_2"
"Br6522_ant","GGCAAATTACTTTACT-1","Wrinkle_4"
"Br6522_ant","GGCACGCTGCTACAGT-1","Fold_1"
"Br6522_ant","GGCACTGCGGTGGTTT-1","Fold_1"
"Br6522_ant","GGCAGCAAACCTATGC-1","Wrinkle_5"
"Br6522_ant","GGCGCATGAATTGATG-1","Wrinkle_4"
"Br6522_ant","GGCGCTTCATTCCCTG-1","Wrinkle_8"
"Br6522_ant","GGCGGTTTGCCGGTGC-1","Wrinkle_1"
"Br6522_ant","GGCTCGTGCCACCAGC-1","Wrinkle_2"
"Br6522_ant","GGCTGAGCATCGTAAG-1","Shear_3"
"Br6522_ant","GGCTGGCAATCCCACG-1","Shear_1"
"Br6522_ant","GGCTGTCCTACTGCGG-1","Shear_1"
"Br6522_ant","GGCTTCTCGTGGGTGG-1","Shear_1"
"Br6522_ant","GGCTTGGCTCTCACCT-1","Wrinkle_3"
"Br6522_ant","GGGACCCGTATATCTT-1","Wrinkle_5"
"Br6522_ant","GGGCACGTAGTACTGT-1","Wrinkle_8"
"Br6522_ant","GGGCCCGTCTTAAACA-1","Wrinkle_4"
"Br6522_ant","GGGCGAATTTCTCCAC-1","Wrinkle_1"
"Br6522_ant","GGGCGGGTTCCCTACG-1","Wrinkle_4"
"Br6522_ant","GGGCGGTCCTATTGTC-1","Wrinkle_1"
"Br6522_ant","GGGCTATGATCGATGG-1","Wrinkle_5"
"Br6522_ant","GGGTACCCACGGTCCT-1","Wrinkle_1"
"Br6522_ant","GGTCGGTCGTCCACAG-1","Wrinkle_5"
"Br6522_ant","GGTGCTGGTACACATT-1","Wrinkle_4"
"Br6522_ant","GGTGGGATTAGGTCCC-1","Shear_2"
"Br6522_ant","GGTGTAAATCGATTGT-1","Wrinkle_8"
"Br6522_ant","GGTGTAGGTAAGTAAA-1","Wrinkle_8"
"Br6522_ant","GGTTAGGGATGCTAAT-1","Shear_2"
"Br6522_ant","GGTTCGCATTTGCCGT-1","Fold_1"
"Br6522_ant","GGTTGTGCTCTTGTCC-1","Wrinkle_3"
"Br6522_ant","GTACTACGGCCTCGTT-1","Shear_1"
"Br6522_ant","GTAGACGTCGTTACAT-1","Wrinkle_1"
"Br6522_ant","GTATAGGACTCAGTAG-1","Wrinkle_2"
"Br6522_ant","GTATGTGGGTCTAGTT-1","Wrinkle_4"
"Br6522_ant","GTCAAAGTTTACATAG-1","Wrinkle_1"
"Br6522_ant","GTCAAGCGGACTCGGG-1","Wrinkle_4"
"Br6522_ant","GTCATCCCAAACTCAC-1","Shear_2"
"Br6522_ant","GTCATGCGCGAGGGCT-1","Wrinkle_8"
"Br6522_ant","GTCCAGGCACGTGTGC-1","Wrinkle_8"
"Br6522_ant","GTCCGTTAGAGGGCCT-1","Shear_1"
"Br6522_ant","GTCCTACGAATAGTCT-1","Wrinkle_5"
"Br6522_ant","GTCGCCGTTGTGTGTT-1","Wrinkle_5"
"Br6522_ant","GTCGCGTAACCCGTTG-1","Wrinkle_4"
"Br6522_ant","GTCGGGTGAAGTACCG-1","Fold_1"
"Br6522_ant","GTCTAGTGAGCCGCTT-1","Wrinkle_8"
"Br6522_ant","GTCTCCCGAGTCCCGT-1","Fold_1"
"Br6522_ant","GTCTGCCGACTCGACG-1","Shear_1"
"Br6522_ant","GTGACCTAAAGAATAA-1","Wrinkle_9"
"Br6522_ant","GTGAGTCGACTAATAG-1","Fold_1"
"Br6522_ant","GTGCCAAACGTTTCGA-1","Shear_2"
"Br6522_ant","GTGCCCGTTCGGATTC-1","Wrinkle_4"
"Br6522_ant","GTGCGGGTCTCCAAAT-1","Wrinkle_2"
"Br6522_ant","GTGCTGTTAGAACATA-1","Shear_1"
"Br6522_ant","GTGGACGCATTTGTCC-1","Wrinkle_5"
"Br6522_ant","GTGGAGCGTTTACCGA-1","Wrinkle_6"
"Br6522_ant","GTGGTATAGTCTGCCG-1","Wrinkle_5"
"Br6522_ant","GTGTCGTATAGCGTTC-1","Wrinkle_5"
"Br6522_ant","GTTAACATCACTTAAA-1","Wrinkle_5"
"Br6522_ant","GTTAAGTTAGAGTGGG-1","Wrinkle_4"
"Br6522_ant","GTTACCAAGGCGTACG-1","Fold_1"
"Br6522_ant","GTTACTTTGGGCCTAG-1","Wrinkle_4"
"Br6522_ant","GTTAGCCCATGACATC-1","Wrinkle_8"
"Br6522_ant","GTTGAACCGGTTCCAT-1","Wrinkle_4"
"Br6522_ant","GTTGGTCATGCTATCC-1","Wrinkle_5"
"Br6522_ant","GTTTCTGCAGTCTCCC-1","Wrinkle_4"
"Br6522_ant","TAAATTGTGGGTAAAG-1","Shear_1"
"Br6522_ant","TAACTCATCCGCGCGG-1","Wrinkle_4"
"Br6522_ant","TAAGGCATAACATCAA-1","Wrinkle_5"
"Br6522_ant","TAAGTTGCGACGTAGG-1","Wrinkle_5"
"Br6522_ant","TACATCTTGTTTCTTG-1","Wrinkle_1"
"Br6522_ant","TACGCAGTTCTTTCCT-1","Wrinkle_4"
"Br6522_ant","TACGCCTCCATTCCGA-1","Wrinkle_5"
"Br6522_ant","TACGCTCGGTATTGGA-1","Wrinkle_8"
"Br6522_ant","TACGTAAAGCGGAGTG-1","Wrinkle_8"
"Br6522_ant","TACTATGGTTCCTCAG-1","Wrinkle_5"
"Br6522_ant","TACTGAACAGATTTAG-1","Wrinkle_5"
"Br6522_ant","TACTGCATGATTAAAT-1","Shear_1"
"Br6522_ant","TAGAAACACAATAGTG-1","Wrinkle_1"
"Br6522_ant","TAGAGTGTTCCGGGTA-1","Fold_1"
"Br6522_ant","TAGCAACCTGTCACAA-1","Wrinkle_3"
"Br6522_ant","TAGCAGATACTTAGGG-1","Shear_1"
"Br6522_ant","TAGCGTCCGGTGTGGT-1","Wrinkle_5"
"Br6522_ant","TAGCTCACTGTGTTTG-1","Fold_1"
"Br6522_ant","TAGGATCTTAACCGCA-1","Shear_1"
"Br6522_ant","TAGGCTAAAGTGGCAC-1","Wrinkle_8"
"Br6522_ant","TAGTAGTTGCCGGACA-1","Shear_1"
"Br6522_ant","TAGTCCGTATGCATAA-1","Wrinkle_1"
"Br6522_ant","TAGTCTTTCCGAATTG-1","Wrinkle_5"
"Br6522_ant","TATAAATCCACAAGCT-1","Wrinkle_2"
"Br6522_ant","TATAGCTATTATCTCT-1","Shear_2"
"Br6522_ant","TATCACCATGTAAAGT-1","Shear_3"
"Br6522_ant","TATCCAATTGGTTATC-1","Wrinkle_5"
"Br6522_ant","TATCCCTCGATCTGCA-1","Shear_1"
"Br6522_ant","TATCCTATCAACTGGT-1","Wrinkle_8"
"Br6522_ant","TATCTACCACAGCGGG-1","Wrinkle_4"
"Br6522_ant","TATTAACCTGACCGCG-1","Wrinkle_5"
"Br6522_ant","TATTACCATCCTGCTT-1","Wrinkle_4"
"Br6522_ant","TCAAATTGTTGTGCCG-1","Wrinkle_8"
"Br6522_ant","TCAACGAGGAGACAAA-1","Wrinkle_4"
"Br6522_ant","TCAATATACAGGAGGC-1","Fold_1"
"Br6522_ant","TCAATCCCGCGCCAAA-1","Fold_1"
"Br6522_ant","TCAATCCGGGAAGTTT-1","Fold_1"
"Br6522_ant","TCACGATTAATACGTT-1","Shear_2"
"Br6522_ant","TCACTATCCCTTCGGT-1","Fold_1"
"Br6522_ant","TCAGAGCATGTCAACG-1","Shear_2"
"Br6522_ant","TCAGAGGACGCGTTAG-1","Shear_1"
"Br6522_ant","TCAGCCAATCCGTAAA-1","Wrinkle_8"
"Br6522_ant","TCAGCGCACGCCGTTT-1","Shear_1"
"Br6522_ant","TCAGGGCGACTTCCTT-1","Wrinkle_3"
"Br6522_ant","TCATACTTACAGATCC-1","Wrinkle_3"
"Br6522_ant","TCATGAAGCGCTGCAT-1","Shear_2"
"Br6522_ant","TCCAAGCCTAGACACA-1","Wrinkle_8"
"Br6522_ant","TCCACATCGTATATTG-1","Wrinkle_8"
"Br6522_ant","TCCACCAAGACATAGG-1","Fold_1"
"Br6522_ant","TCCAGAGCACCGGTTC-1","Wrinkle_4"
"Br6522_ant","TCCCAAACATCCTCTA-1","Shear_2"
"Br6522_ant","TCCGGCTGTCGGGTCG-1","Wrinkle_8"
"Br6522_ant","TCCGGGCCACTAACGG-1","Fold_1"
"Br6522_ant","TCCGTTAAGCTAATAT-1","Wrinkle_5"
"Br6522_ant","TCCTAAATTGGGAAGC-1","Wrinkle_5"
"Br6522_ant","TCCTCTGGCCCATTAG-1","Shear_3"
"Br6522_ant","TCCTGCAGCCGCCAAT-1","Shear_1"
"Br6522_ant","TCCTTGTCCTTTAATT-1","Wrinkle_8"
"Br6522_ant","TCGAGCCAGGCAGGCC-1","Wrinkle_5"
"Br6522_ant","TCGAGGGCAACAGACG-1","Wrinkle_7"
"Br6522_ant","TCGATGTTACGGCCGT-1","Shear_2"
"Br6522_ant","TCGATTTACGAAACGA-1","Shear_1"
"Br6522_ant","TCGCCGACATATTCGC-1","Wrinkle_8"
"Br6522_ant","TCGCCGGTCGATCCGT-1","Wrinkle_2"
"Br6522_ant","TCGCCTCCTTCGGCTC-1","Shear_1"
"Br6522_ant","TCGGCAGGGTTAAGGG-1","Fold_1"
"Br6522_ant","TCGGTCCCTGACTCCA-1","Shear_3"
"Br6522_ant","TCGTACCGACGTCAAG-1","Wrinkle_8"
"Br6522_ant","TCGTCAAGTACGCGCA-1","Wrinkle_5"
"Br6522_ant","TCGTCCGGGTACACTC-1","Shear_3"
"Br6522_ant","TCGTCTTAGGCGTTAA-1","Wrinkle_5"
"Br6522_ant","TCTACGCACGATCTCC-1","Shear_2"
"Br6522_ant","TCTATCCGATTGCACA-1","Shear_1"
"Br6522_ant","TCTATTACGCTGGCGA-1","Wrinkle_1"
"Br6522_ant","TCTCAGGCTACTCGCT-1","Fold_1"
"Br6522_ant","TCTCCCTGGGCAGCGT-1","Wrinkle_5"
"Br6522_ant","TCTCTAATAGCTGGTA-1","Wrinkle_2"
"Br6522_ant","TCTGCGTCCGGTTTCT-1","Wrinkle_1"
"Br6522_ant","TCTGTTTAGATTGTTC-1","Shear_2"
"Br6522_ant","TCTTAACTCGGATGTA-1","Wrinkle_1"
"Br6522_ant","TCTTCGAATAGACGTT-1","Wrinkle_4"
"Br6522_ant","TCTTTAGAGTCTAACA-1","Wrinkle_5"
"Br6522_ant","TGAACCTGAATGTGAG-1","Shear_2"
"Br6522_ant","TGAAGTAGCTTACGGA-1","Wrinkle_1"
"Br6522_ant","TGAATACCGACGCGTA-1","Wrinkle_8"
"Br6522_ant","TGACAACTTAAAGGTG-1","Shear_2"
"Br6522_ant","TGACATGTAACGTGAC-1","Wrinkle_8"
"Br6522_ant","TGAGCGGAAAGTGTTC-1","Wrinkle_5"
"Br6522_ant","TGAGGTGTGTGGCGGA-1","Wrinkle_8"
"Br6522_ant","TGAGTGTAACAACGGG-1","Fold_1"
"Br6522_ant","TGATCACCACACTGAC-1","Wrinkle_8"
"Br6522_ant","TGCAAACGTACTAGTT-1","Shear_1"
"Br6522_ant","TGCGGACTTGACTCCG-1","Wrinkle_8"
"Br6522_ant","TGCGTAAGAACCTGAT-1","Wrinkle_4"
"Br6522_ant","TGCTAAGTGTCTATTT-1","Wrinkle_5"
"Br6522_ant","TGCTCAAAGGATGCAC-1","Shear_2"
"Br6522_ant","TGCTCGGCGAAACCCA-1","Wrinkle_5"
"Br6522_ant","TGGATGGCATCTTGGA-1","Shear_1"
"Br6522_ant","TGGCTACACTCTACCT-1","Wrinkle_8"
"Br6522_ant","TGGCTTTGGGTAGACA-1","Wrinkle_2"
"Br6522_ant","TGGGCGATACAATAAG-1","Wrinkle_8"
"Br6522_ant","TGGTTATGCTTGCGGT-1","Wrinkle_3"
"Br6522_ant","TGTACTATCGCTCGTT-1","Shear_1"
"Br6522_ant","TGTACTTCCGGGCATG-1","Fold_1"
"Br6522_ant","TGTAGCCATCCCATTC-1","Wrinkle_8"
"Br6522_ant","TGTATTTACCTAATGC-1","Shear_3"
"Br6522_ant","TGTGCCGGTGCCGGAA-1","Wrinkle_5"
"Br6522_ant","TGTTAACAAAGTGACT-1","Fold_1"
"Br6522_ant","TTAACCAACCCTCCCT-1","Wrinkle_2"
"Br6522_ant","TTACACGATCTGCGAC-1","Wrinkle_8"
"Br6522_ant","TTACTCTGGTACGTAC-1","Wrinkle_4"
"Br6522_ant","TTAGAGTATTGTCGAG-1","Shear_2"
"Br6522_ant","TTAGCCATAGGGCTCG-1","Shear_2"
"Br6522_ant","TTAGCGAATAGATAGG-1","Shear_1"
"Br6522_ant","TTAGCTGATTTGCCGT-1","Wrinkle_4"
"Br6522_ant","TTATCCAATCGAACTC-1","Wrinkle_1"
"Br6522_ant","TTATGAATGAAAGGGA-1","Wrinkle_4"
"Br6522_ant","TTATGATCTTAACGAA-1","Wrinkle_4"
"Br6522_ant","TTCAACGACCCGACCG-1","Wrinkle_2"
"Br6522_ant","TTCAATACTCTGAATC-1","Wrinkle_4"
"Br6522_ant","TTCACTCGAGCACCTA-1","Wrinkle_5"
"Br6522_ant","TTCATAGGGTGTCCAT-1","Wrinkle_1"
"Br6522_ant","TTCGAGCCGGCGCTAC-1","Shear_3"
"Br6522_ant","TTCGGGTTGCCACGGG-1","Wrinkle_8"
"Br6522_ant","TTGACTACCATATGGT-1","Wrinkle_4"
"Br6522_ant","TTGAGAGTACTGCTAA-1","Wrinkle_4"
"Br6522_ant","TTGCTGAAGGAACCAC-1","Wrinkle_2"
"Br6522_ant","TTGGACCATCTGGCAA-1","Wrinkle_5"
"Br6522_ant","TTGGCCAAATTGTATC-1","Shear_1"
"Br6522_ant","TTGGGAAGACGAGCCG-1","Wrinkle_8"
"Br6522_ant","TTGGGACGTAAGAGTT-1","Wrinkle_5"
"Br6522_ant","TTGTGCGGAAGCGGAT-1","Wrinkle_6"
"Br6522_ant","TTGTGGAGACAGCCGG-1","Shear_2"
"Br6522_ant","TTGTGTATGCCACCAA-1","Wrinkle_5"
"Br6522_ant","TTGTTGGCAATGACTG-1","Shear_2"
